model,target,shock,horizon_weeks,structural_irf
SVAR_shocks_to_fx_return,fx_return,vix_change,0,0.08593152145301033
SVAR_shocks_to_fx_return,fx_return,vix_change,1,0.04377853957525074
SVAR_shocks_to_fx_return,fx_return,vix_change,2,0.056803249436277875
SVAR_shocks_to_fx_return,fx_return,vix_change,3,0.03904189385771549
SVAR_shocks_to_fx_return,fx_return,vix_change,4,0.04809649748974046
SVAR_shocks_to_fx_return,fx_return,vix_change,5,-0.015467234861452676
SVAR_shocks_to_fx_return,fx_return,vix_change,6,-0.03155264660136278
SVAR_shocks_to_fx_return,fx_return,vix_change,7,-0.012715202726439242
SVAR_shocks_to_fx_return,fx_return,vix_change,8,-0.00023152916136587537
SVAR_shocks_to_fx_return,fx_return,vix_change,9,-0.005460625547156719
SVAR_shocks_to_fx_return,fx_return,vix_change,10,-0.00555829410762244
SVAR_shocks_to_fx_return,fx_return,vix_change,11,-0.0004536414731196017
SVAR_shocks_to_fx_return,fx_return,vix_change,12,-0.00021340802273030614
SVAR_shocks_to_fx_return,fx_return,us10y_change,0,0.06110531360440343
SVAR_shocks_to_fx_return,fx_return,us10y_change,1,0.15454867723822194
SVAR_shocks_to_fx_return,fx_return,us10y_change,2,0.08780069288616854
SVAR_shocks_to_fx_return,fx_return,us10y_change,3,0.017967825192881988
SVAR_shocks_to_fx_return,fx_return,us10y_change,4,0.08390584951773382
SVAR_shocks_to_fx_return,fx_return,us10y_change,5,0.021186567311306304
SVAR_shocks_to_fx_return,fx_return,us10y_change,6,0.011287968829699426
SVAR_shocks_to_fx_return,fx_return,us10y_change,7,-0.008552710525712085
SVAR_shocks_to_fx_return,fx_return,us10y_change,8,0.013391415950046445
SVAR_shocks_to_fx_return,fx_return,us10y_change,9,-8.654774514081252e-05
SVAR_shocks_to_fx_return,fx_return,us10y_change,10,-0.001466288723669092
SVAR_shocks_to_fx_return,fx_return,us10y_change,11,-0.0015873128733630947
SVAR_shocks_to_fx_return,fx_return,us10y_change,12,0.00169774077213467
SVAR_shocks_to_fx_return,fx_return,dxy_return,0,0.012252456595918415
SVAR_shocks_to_fx_return,fx_return,dxy_return,1,0.08013987385612872
SVAR_shocks_to_fx_return,fx_return,dxy_return,2,-0.03883698054007339
SVAR_shocks_to_fx_return,fx_return,dxy_return,3,0.018557671238858438
SVAR_shocks_to_fx_return,fx_return,dxy_return,4,-0.0016574013735066657
SVAR_shocks_to_fx_return,fx_return,dxy_return,5,0.025001260298622114
SVAR_shocks_to_fx_return,fx_return,dxy_return,6,-0.011775766979716504
SVAR_shocks_to_fx_return,fx_return,dxy_return,7,-0.016212378174633158
SVAR_shocks_to_fx_return,fx_return,dxy_return,8,0.003280174232115782
SVAR_shocks_to_fx_return,fx_return,dxy_return,9,0.0021800317798640998
SVAR_shocks_to_fx_return,fx_return,dxy_return,10,-0.000900683269468958
SVAR_shocks_to_fx_return,fx_return,dxy_return,11,-0.0023357138497862584
SVAR_shocks_to_fx_return,fx_return,dxy_return,12,0.0013010415283431465
SVAR_shocks_to_fx_return,fx_return,oil_return,0,-0.006927846880226071
SVAR_shocks_to_fx_return,fx_return,oil_return,1,-0.06935852297838584
SVAR_shocks_to_fx_return,fx_return,oil_return,2,0.018973928789372586
SVAR_shocks_to_fx_return,fx_return,oil_return,3,0.03965610384952631
SVAR_shocks_to_fx_return,fx_return,oil_return,4,-0.004952587872668404
SVAR_shocks_to_fx_return,fx_return,oil_return,5,0.015497011806069674
SVAR_shocks_to_fx_return,fx_return,oil_return,6,0.018909395553780222
SVAR_shocks_to_fx_return,fx_return,oil_return,7,0.005978616420151667
SVAR_shocks_to_fx_return,fx_return,oil_return,8,0.002274119381872669
SVAR_shocks_to_fx_return,fx_return,oil_return,9,0.004508587521568366
SVAR_shocks_to_fx_return,fx_return,oil_return,10,0.0011209637090381617
SVAR_shocks_to_fx_return,fx_return,oil_return,11,-0.0002793137352391315
SVAR_shocks_to_fx_return,fx_return,oil_return,12,0.000466616741314341
SVAR_shocks_to_fx_return,fx_return,vnindex_return,0,-0.12853037432321593
SVAR_shocks_to_fx_return,fx_return,vnindex_return,1,-0.030426501042792767
SVAR_shocks_to_fx_return,fx_return,vnindex_return,2,-0.015991799733548633
SVAR_shocks_to_fx_return,fx_return,vnindex_return,3,-0.03458634263719556
SVAR_shocks_to_fx_return,fx_return,vnindex_return,4,0.060611001684151
SVAR_shocks_to_fx_return,fx_return,vnindex_return,5,0.02541797005794163
SVAR_shocks_to_fx_return,fx_return,vnindex_return,6,0.018422782654239328
SVAR_shocks_to_fx_return,fx_return,vnindex_return,7,0.011869739281899239
SVAR_shocks_to_fx_return,fx_return,vnindex_return,8,0.006608058097483593
SVAR_shocks_to_fx_return,fx_return,vnindex_return,9,-0.00100278128682849
SVAR_shocks_to_fx_return,fx_return,vnindex_return,10,0.001501179225431755
SVAR_shocks_to_fx_return,fx_return,vnindex_return,11,-0.0005842026498317403
SVAR_shocks_to_fx_return,fx_return,vnindex_return,12,0.00022360455114719044
SVAR_shocks_to_fx_return,fx_return,fx_return,0,1.0
SVAR_shocks_to_fx_return,fx_return,fx_return,1,0.03618998233009777
SVAR_shocks_to_fx_return,fx_return,fx_return,2,0.03634953024031078
SVAR_shocks_to_fx_return,fx_return,fx_return,3,-0.058435068554714246
SVAR_shocks_to_fx_return,fx_return,fx_return,4,0.055511101075827574
SVAR_shocks_to_fx_return,fx_return,fx_return,5,-0.007903495640665522
SVAR_shocks_to_fx_return,fx_return,fx_return,6,0.005250113026692945
SVAR_shocks_to_fx_return,fx_return,fx_return,7,-0.007581722160313175
SVAR_shocks_to_fx_return,fx_return,fx_return,8,0.0043167477063362205
SVAR_shocks_to_fx_return,fx_return,fx_return,9,-0.0027344847340741787
SVAR_shocks_to_fx_return,fx_return,fx_return,10,0.001790314819431094
SVAR_shocks_to_fx_return,fx_return,fx_return,11,-0.0007216570877995461
SVAR_shocks_to_fx_return,fx_return,fx_return,12,6.223262709760505e-05
SVAR_shocks_to_selected_volatility,log_selected_cond_vol,vix_change,0,0.017332513718322718
SVAR_shocks_to_selected_volatility,log_selected_cond_vol,vix_change,1,0.03456431662970848
SVAR_shocks_to_selected_volatility,log_selected_cond_vol,vix_change,2,0.03365633859649872
SVAR_shocks_to_selected_volatility,log_selected_cond_vol,vix_change,3,0.028432217137827627
SVAR_shocks_to_selected_volatility,log_selected_cond_vol,vix_change,4,0.023734481496188634
SVAR_shocks_to_selected_volatility,log_selected_cond_vol,vix_change,5,0.019915450775720416
SVAR_shocks_to_selected_volatility,log_selected_cond_vol,vix_change,6,0.016711760378244775
SVAR_shocks_to_selected_volatility,log_selected_cond_vol,vix_change,7,0.014023008544226634
SVAR_shocks_to_selected_volatility,log_selected_cond_vol,vix_change,8,0.011766631420641023
SVAR_shocks_to_selected_volatility,log_selected_cond_vol,vix_change,9,0.009873344404791397
SVAR_shocks_to_selected_volatility,log_selected_cond_vol,vix_change,10,0.008284693175957343
SVAR_shocks_to_selected_volatility,log_selected_cond_vol,vix_change,11,0.006951661050868332
SVAR_shocks_to_selected_volatility,log_selected_cond_vol,vix_change,12,0.005833117714923047
SVAR_shocks_to_selected_volatility,log_selected_cond_vol,us10y_change,0,0.013005241046697272
SVAR_shocks_to_selected_volatility,log_selected_cond_vol,us10y_change,1,-0.018195980825768572
SVAR_shocks_to_selected_volatility,log_selected_cond_vol,us10y_change,2,-0.011138738043602577
SVAR_shocks_to_selected_volatility,log_selected_cond_vol,us10y_change,3,-0.009074170350747264
SVAR_shocks_to_selected_volatility,log_selected_cond_vol,us10y_change,4,-0.007643646200029149
SVAR_shocks_to_selected_volatility,log_selected_cond_vol,us10y_change,5,-0.006423638206972404
SVAR_shocks_to_selected_volatility,log_selected_cond_vol,us10y_change,6,-0.00538933110380719
SVAR_shocks_to_selected_volatility,log_selected_cond_vol,us10y_change,7,-0.0045220824677172314
SVAR_shocks_to_selected_volatility,log_selected_cond_vol,us10y_change,8,-0.003794458055739677
SVAR_shocks_to_selected_volatility,log_selected_cond_vol,us10y_change,9,-0.003183921843666149
SVAR_shocks_to_selected_volatility,log_selected_cond_vol,us10y_change,10,-0.0026716190586415873
SVAR_shocks_to_selected_volatility,log_selected_cond_vol,us10y_change,11,-0.002241747454616566
SVAR_shocks_to_selected_volatility,log_selected_cond_vol,us10y_change,12,-0.0018810434891080908
SVAR_shocks_to_selected_volatility,log_selected_cond_vol,dxy_return,0,-0.029818436219115563
SVAR_shocks_to_selected_volatility,log_selected_cond_vol,dxy_return,1,-0.03348524065314208
SVAR_shocks_to_selected_volatility,log_selected_cond_vol,dxy_return,2,-0.024105455856502773
SVAR_shocks_to_selected_volatility,log_selected_cond_vol,dxy_return,3,-0.020133770130884833
SVAR_shocks_to_selected_volatility,log_selected_cond_vol,dxy_return,4,-0.016937611090260075
SVAR_shocks_to_selected_volatility,log_selected_cond_vol,dxy_return,5,-0.014216685774825214
SVAR_shocks_to_selected_volatility,log_selected_cond_vol,dxy_return,6,-0.011928614024226313
SVAR_shocks_to_selected_volatility,log_selected_cond_vol,dxy_return,7,-0.010009164928721873
SVAR_shocks_to_selected_volatility,log_selected_cond_vol,dxy_return,8,-0.008398666675031884
SVAR_shocks_to_selected_volatility,log_selected_cond_vol,dxy_return,9,-0.007047297310269228
SVAR_shocks_to_selected_volatility,log_selected_cond_vol,dxy_return,10,-0.005913365832702813
SVAR_shocks_to_selected_volatility,log_selected_cond_vol,dxy_return,11,-0.004961887318878887
SVAR_shocks_to_selected_volatility,log_selected_cond_vol,dxy_return,12,-0.004163504614961323
SVAR_shocks_to_selected_volatility,log_selected_cond_vol,oil_return,0,-0.0538068247717308
SVAR_shocks_to_selected_volatility,log_selected_cond_vol,oil_return,1,-0.090585796566104
SVAR_shocks_to_selected_volatility,log_selected_cond_vol,oil_return,2,-0.07959381676588027
SVAR_shocks_to_selected_volatility,log_selected_cond_vol,oil_return,3,-0.06639390524513882
SVAR_shocks_to_selected_volatility,log_selected_cond_vol,oil_return,4,-0.055648419132670185
SVAR_shocks_to_selected_volatility,log_selected_cond_vol,oil_return,5,-0.0466963383210619
SVAR_shocks_to_selected_volatility,log_selected_cond_vol,oil_return,6,-0.039184181268576784
SVAR_shocks_to_selected_volatility,log_selected_cond_vol,oil_return,7,-0.03287930028126626
SVAR_shocks_to_selected_volatility,log_selected_cond_vol,oil_return,8,-0.027588905833260426
SVAR_shocks_to_selected_volatility,log_selected_cond_vol,oil_return,9,-0.02314976570299612
SVAR_shocks_to_selected_volatility,log_selected_cond_vol,oil_return,10,-0.019424898664714578
SVAR_shocks_to_selected_volatility,log_selected_cond_vol,oil_return,11,-0.016299373620863304
SVAR_shocks_to_selected_volatility,log_selected_cond_vol,oil_return,12,-0.013676755018270554
SVAR_shocks_to_selected_volatility,log_selected_cond_vol,vnindex_return,0,-0.013833160497898013
SVAR_shocks_to_selected_volatility,log_selected_cond_vol,vnindex_return,1,-0.020809173404311182
SVAR_shocks_to_selected_volatility,log_selected_cond_vol,vnindex_return,2,-0.017931953222790762
SVAR_shocks_to_selected_volatility,log_selected_cond_vol,vnindex_return,3,-0.014765308904609625
SVAR_shocks_to_selected_volatility,log_selected_cond_vol,vnindex_return,4,-0.01235312618085197
SVAR_shocks_to_selected_volatility,log_selected_cond_vol,vnindex_return,5,-0.010370419922732597
SVAR_shocks_to_selected_volatility,log_selected_cond_vol,vnindex_return,6,-0.008702313749962649
SVAR_shocks_to_selected_volatility,log_selected_cond_vol,vnindex_return,7,-0.007302065733650757
SVAR_shocks_to_selected_volatility,log_selected_cond_vol,vnindex_return,8,-0.006127125967863926
SVAR_shocks_to_selected_volatility,log_selected_cond_vol,vnindex_return,9,-0.0051412534354391155
SVAR_shocks_to_selected_volatility,log_selected_cond_vol,vnindex_return,10,-0.004314010310537166
SVAR_shocks_to_selected_volatility,log_selected_cond_vol,vnindex_return,11,-0.0036198729980451007
SVAR_shocks_to_selected_volatility,log_selected_cond_vol,vnindex_return,12,-0.003037424459810744
SVAR_shocks_to_selected_volatility,log_selected_cond_vol,log_selected_cond_vol,0,1.0
SVAR_shocks_to_selected_volatility,log_selected_cond_vol,log_selected_cond_vol,1,0.8401922240649886
SVAR_shocks_to_selected_volatility,log_selected_cond_vol,log_selected_cond_vol,2,0.7056288975394125
SVAR_shocks_to_selected_volatility,log_selected_cond_vol,log_selected_cond_vol,3,0.5921028776140113
SVAR_shocks_to_selected_volatility,log_selected_cond_vol,log_selected_cond_vol,4,0.496823407204499
SVAR_shocks_to_selected_volatility,log_selected_cond_vol,log_selected_cond_vol,5,0.41688229669455795
SVAR_shocks_to_selected_volatility,log_selected_cond_vol,log_selected_cond_vol,6,0.34980480628979665
SVAR_shocks_to_selected_volatility,log_selected_cond_vol,log_selected_cond_vol,7,0.2935201657660026
SVAR_shocks_to_selected_volatility,log_selected_cond_vol,log_selected_cond_vol,8,0.24629188078630296
SVAR_shocks_to_selected_volatility,log_selected_cond_vol,log_selected_cond_vol,9,0.20666277056299315
SVAR_shocks_to_selected_volatility,log_selected_cond_vol,log_selected_cond_vol,10,0.1734101046208656
SVAR_shocks_to_selected_volatility,log_selected_cond_vol,log_selected_cond_vol,11,0.14550789336830575
SVAR_shocks_to_selected_volatility,log_selected_cond_vol,log_selected_cond_vol,12,0.12209523244488193
